{
	"configs" : [
		{
			"remarks" : "RU1",
			"id" : "3D12C007D220FBFE68E38DB21FE866D5",
			"server" : "ru1.sgateway.link",
			"server_port" : 12012,
			"server_udp_port" : 0,
			"password" : "3GVHeIwhmOE2",
			"method" : "chacha20-ietf",
			"protocol" : "auth_aes128_md5",
			"protocolparam" : "",
			"obfs" : "tls1.2_ticket_auth",
			"obfsparam" : "download.windowsupdate.com",
			"remarks_base64" : "UlUx",
			"group" : "SocketPro",
			"enable" : true,
			"udp_over_tcp" : false
		},
		{
			"remarks" : "RU2",
			"id" : "9644E28A62D9E050D936D26082F0F775",
			"server" : "ru2.sgateway.link",
			"server_port" : 12012,
			"server_udp_port" : 0,
			"password" : "3GVHeIwhmOE2",
			"method" : "chacha20-ietf",
			"protocol" : "auth_aes128_md5",
			"protocolparam" : "",
			"obfs" : "tls1.2_ticket_auth",
			"obfsparam" : "download.windowsupdate.com",
			"remarks_base64" : "UlUy",
			"group" : "SocketPro",
			"enable" : true,
			"udp_over_tcp" : false
		},
		{
			"remarks" : "RU3",
			"id" : "513062B17E096D6645391C920CF574D1",
			"server" : "ru3.sgateway.link",
			"server_port" : 12012,
			"server_udp_port" : 0,
			"password" : "3GVHeIwhmOE2",
			"method" : "chacha20-ietf",
			"protocol" : "auth_aes128_md5",
			"protocolparam" : "",
			"obfs" : "tls1.2_ticket_auth",
			"obfsparam" : "download.windowsupdate.com",
			"remarks_base64" : "UlUz",
			"group" : "SocketPro",
			"enable" : true,
			"udp_over_tcp" : false
		},
		{
			"remarks" : "US1",
			"id" : "9C54ED0503F6990D791EB5B435198792",
			"server" : "us1.sgateway.link",
			"server_port" : 12012,
			"server_udp_port" : 0,
			"password" : "3GVHeIwhmOE2",
			"method" : "chacha20-ietf",
			"protocol" : "auth_aes128_md5",
			"protocolparam" : "",
			"obfs" : "tls1.2_ticket_auth",
			"obfsparam" : "download.windowsupdate.com",
			"remarks_base64" : "VVMx",
			"group" : "SocketPro",
			"enable" : true,
			"udp_over_tcp" : false
		},
		{
			"remarks" : "US2",
			"id" : "5D4EA64FA07D9BD81554B4F49275B8DF",
			"server" : "us2.sgateway.link",
			"server_port" : 12012,
			"server_udp_port" : 0,
			"password" : "3GVHeIwhmOE2",
			"method" : "chacha20-ietf",
			"protocol" : "auth_aes128_md5",
			"protocolparam" : "",
			"obfs" : "tls1.2_ticket_auth",
			"obfsparam" : "download.windowsupdate.com",
			"remarks_base64" : "VVMy",
			"group" : "SocketPro",
			"enable" : true,
			"udp_over_tcp" : false
		},
		{
			"remarks" : "US3",
			"id" : "62F7E48B33DF25573197ED5670F7358F",
			"server" : "us3.sgateway.link",
			"server_port" : 12012,
			"server_udp_port" : 0,
			"password" : "3GVHeIwhmOE2",
			"method" : "chacha20-ietf",
			"protocol" : "auth_aes128_md5",
			"protocolparam" : "",
			"obfs" : "tls1.2_ticket_auth",
			"obfsparam" : "download.windowsupdate.com",
			"remarks_base64" : "VVMz",
			"group" : "SocketPro",
			"enable" : true,
			"udp_over_tcp" : false
		},
		{
			"remarks" : "UK1",
			"id" : "023E7B43A553E0A1E4894ACB3039C741",
			"server" : "uk1.sgateway.link",
			"server_port" : 12012,
			"server_udp_port" : 0,
			"password" : "3GVHeIwhmOE2",
			"method" : "chacha20-ietf",
			"protocol" : "auth_aes128_md5",
			"protocolparam" : "",
			"obfs" : "tls1.2_ticket_auth",
			"obfsparam" : "download.windowsupdate.com",
			"remarks_base64" : "VUsx",
			"group" : "SocketPro",
			"enable" : true,
			"udp_over_tcp" : false
		},
		{
			"remarks" : "UK2",
			"id" : "409EAFE6E3846BEA85103FA1B07F6F6F",
			"server" : "uk2.sgateway.link",
			"server_port" : 12012,
			"server_udp_port" : 0,
			"password" : "3GVHeIwhmOE2",
			"method" : "chacha20-ietf",
			"protocol" : "auth_aes128_md5",
			"protocolparam" : "",
			"obfs" : "tls1.2_ticket_auth",
			"obfsparam" : "download.windowsupdate.com",
			"remarks_base64" : "VUsy",
			"group" : "SocketPro",
			"enable" : true,
			"udp_over_tcp" : false
		},
		{
			"remarks" : "UK3",
			"id" : "8865ABB5DEE367F7C682FE9D0622D5C6",
			"server" : "uk3.sgateway.link",
			"server_port" : 12012,
			"server_udp_port" : 0,
			"password" : "3GVHeIwhmOE2",
			"method" : "chacha20-ietf",
			"protocol" : "auth_aes128_md5",
			"protocolparam" : "",
			"obfs" : "tls1.2_ticket_auth",
			"obfsparam" : "download.windowsupdate.com",
			"remarks_base64" : "VUsz",
			"group" : "SocketPro",
			"enable" : true,
			"udp_over_tcp" : false
		},
		{
			"remarks" : "KR1",
			"id" : "622B248B75F48040C3FE3022889A07AE",
			"server" : "kr1.sgateway.link",
			"server_port" : 12012,
			"server_udp_port" : 0,
			"password" : "3GVHeIwhmOE2",
			"method" : "chacha20-ietf",
			"protocol" : "auth_aes128_md5",
			"protocolparam" : "",
			"obfs" : "tls1.2_ticket_auth",
			"obfsparam" : "download.windowsupdate.com",
			"remarks_base64" : "S1Ix",
			"group" : "SocketPro",
			"enable" : true,
			"udp_over_tcp" : false
		},
		{
			"remarks" : "KR2",
			"id" : "2C6F980CDEDA8F7CF444BC2D7F2F05BD",
			"server" : "kr2.sgateway.link",
			"server_port" : 12012,
			"server_udp_port" : 0,
			"password" : "3GVHeIwhmOE2",
			"method" : "chacha20-ietf",
			"protocol" : "auth_aes128_md5",
			"protocolparam" : "",
			"obfs" : "tls1.2_ticket_auth",
			"obfsparam" : "download.windowsupdate.com",
			"remarks_base64" : "S1Iy",
			"group" : "SocketPro",
			"enable" : true,
			"udp_over_tcp" : false
		},
		{
			"remarks" : "HK1",
			"id" : "BFDD4C271446D723F1EF10F9380F37D0",
			"server" : "hk1.sgateway.link",
			"server_port" : 12012,
			"server_udp_port" : 0,
			"password" : "3GVHeIwhmOE2",
			"method" : "chacha20-ietf",
			"protocol" : "auth_aes128_md5",
			"protocolparam" : "",
			"obfs" : "tls1.2_ticket_auth",
			"obfsparam" : "download.windowsupdate.com",
			"remarks_base64" : "SEsx",
			"group" : "SocketPro",
			"enable" : true,
			"udp_over_tcp" : false
		},
		{
			"remarks" : "HK2",
			"id" : "7C8DB6EBE0C18774C01900BD0371282E",
			"server" : "hk2.sgateway.link",
			"server_port" : 12012,
			"server_udp_port" : 0,
			"password" : "3GVHeIwhmOE2",
			"method" : "chacha20-ietf",
			"protocol" : "auth_aes128_md5",
			"protocolparam" : "",
			"obfs" : "tls1.2_ticket_auth",
			"obfsparam" : "download.windowsupdate.com",
			"remarks_base64" : "SEsy",
			"group" : "SocketPro",
			"enable" : true,
			"udp_over_tcp" : false
		},
		{
			"remarks" : "HK3",
			"id" : "F141BF1CD34A4623DF29B1FFEFA714E4",
			"server" : "hk3.sgateway.link",
			"server_port" : 12012,
			"server_udp_port" : 0,
			"password" : "3GVHeIwhmOE2",
			"method" : "chacha20-ietf",
			"protocol" : "auth_aes128_md5",
			"protocolparam" : "",
			"obfs" : "tls1.2_ticket_auth",
			"obfsparam" : "download.windowsupdate.com",
			"remarks_base64" : "SEsz",
			"group" : "SocketPro",
			"enable" : true,
			"udp_over_tcp" : false
		},
		{
			"remarks" : "HK4",
			"id" : "5C51C849CA300A50B892B7B08290A3E2",
			"server" : "hk4.sgateway.link",
			"server_port" : 12012,
			"server_udp_port" : 0,
			"password" : "3GVHeIwhmOE2",
			"method" : "chacha20-ietf",
			"protocol" : "auth_aes128_md5",
			"protocolparam" : "",
			"obfs" : "tls1.2_ticket_auth",
			"obfsparam" : "download.windowsupdate.com",
			"remarks_base64" : "SEs0",
			"group" : "SocketPro",
			"enable" : true,
			"udp_over_tcp" : false
		},
		{
			"remarks" : "PRU1",
			"id" : "13F9F772EB028FB4DBFACB6492FE4C29",
			"server" : "pru1-server.sgateway.link",
			"server_port" : 12012,
			"server_udp_port" : 0,
			"password" : "3GVHeIwhmOE2",
			"method" : "chacha20-ietf",
			"protocol" : "auth_aes128_md5",
			"protocolparam" : "",
			"obfs" : "tls1.2_ticket_auth",
			"obfsparam" : "download.windowsupdate.com",
			"remarks_base64" : "UFJVMQ",
			"group" : "SocketPro",
			"enable" : true,
			"udp_over_tcp" : false
		},
		{
			"remarks" : "PRU2",
			"id" : "28B43182AA93DED62D1F6167280BEA4F",
			"server" : "pru2-server.sgateway.link",
			"server_port" : 12012,
			"server_udp_port" : 0,
			"password" : "3GVHeIwhmOE2",
			"method" : "chacha20-ietf",
			"protocol" : "auth_aes128_md5",
			"protocolparam" : "",
			"obfs" : "tls1.2_ticket_auth",
			"obfsparam" : "download.windowsupdate.com",
			"remarks_base64" : "UFJVMg",
			"group" : "SocketPro",
			"enable" : true,
			"udp_over_tcp" : false
		},
		{
			"remarks" : "PRU3",
			"id" : "33E096DA740E1FF0518629F1A4D2E857",
			"server" : "pru3-server.sgateway.link",
			"server_port" : 12012,
			"server_udp_port" : 0,
			"password" : "3GVHeIwhmOE2",
			"method" : "chacha20-ietf",
			"protocol" : "auth_aes128_md5",
			"protocolparam" : "",
			"obfs" : "tls1.2_ticket_auth",
			"obfsparam" : "download.windowsupdate.com",
			"remarks_base64" : "UFJVMw",
			"group" : "SocketPro",
			"enable" : true,
			"udp_over_tcp" : false
		},
		{
			"remarks" : "PRU4",
			"id" : "4F79CAE1B33DE4C97EC793A2622A9704",
			"server" : "pru4-server.sgateway.link",
			"server_port" : 12012,
			"server_udp_port" : 0,
			"password" : "3GVHeIwhmOE2",
			"method" : "chacha20-ietf",
			"protocol" : "auth_aes128_md5",
			"protocolparam" : "",
			"obfs" : "tls1.2_ticket_auth",
			"obfsparam" : "download.windowsupdate.com",
			"remarks_base64" : "UFJVNA",
			"group" : "SocketPro",
			"enable" : true,
			"udp_over_tcp" : false
		},
		{
			"remarks" : "PHK1",
			"id" : "E615489776167F6A719BD3274B86D856",
			"server" : "phk1-server.sgateway.link",
			"server_port" : 12012,
			"server_udp_port" : 0,
			"password" : "3GVHeIwhmOE2",
			"method" : "chacha20-ietf",
			"protocol" : "auth_aes128_md5",
			"protocolparam" : "",
			"obfs" : "tls1.2_ticket_auth",
			"obfsparam" : "download.windowsupdate.com",
			"remarks_base64" : "UEhLMQ",
			"group" : "SocketPro",
			"enable" : true,
			"udp_over_tcp" : false
		},
		{
			"remarks" : "PHK2",
			"id" : "93470F609DF5849AED2DFFCAD3146757",
			"server" : "phk2-server.sgateway.link",
			"server_port" : 12012,
			"server_udp_port" : 0,
			"password" : "3GVHeIwhmOE2",
			"method" : "chacha20-ietf",
			"protocol" : "auth_aes128_md5",
			"protocolparam" : "",
			"obfs" : "tls1.2_ticket_auth",
			"obfsparam" : "download.windowsupdate.com",
			"remarks_base64" : "UEhLMg",
			"group" : "SocketPro",
			"enable" : true,
			"udp_over_tcp" : false
		},
		{
			"remarks" : "PHK3",
			"id" : "2D024B96A387D5B095247B9E878014CB",
			"server" : "phk3-server.sgateway.link",
			"server_port" : 12012,
			"server_udp_port" : 0,
			"password" : "3GVHeIwhmOE2",
			"method" : "chacha20-ietf",
			"protocol" : "auth_aes128_md5",
			"protocolparam" : "",
			"obfs" : "tls1.2_ticket_auth",
			"obfsparam" : "download.windowsupdate.com",
			"remarks_base64" : "UEhLMw",
			"group" : "SocketPro",
			"enable" : true,
			"udp_over_tcp" : false
		},
		{
			"remarks" : "PHK4",
			"id" : "F3A620FFBFB623FDD2012B0663494666",
			"server" : "phk4-server.sgateway.link",
			"server_port" : 12012,
			"server_udp_port" : 0,
			"password" : "3GVHeIwhmOE2",
			"method" : "chacha20-ietf",
			"protocol" : "auth_aes128_md5",
			"protocolparam" : "",
			"obfs" : "tls1.2_ticket_auth",
			"obfsparam" : "download.windowsupdate.com",
			"remarks_base64" : "UEhLNA",
			"group" : "SocketPro",
			"enable" : true,
			"udp_over_tcp" : false
		},
		{
			"remarks" : "PHK5",
			"id" : "2820948008C31BBDD08E457DEA6C6463",
			"server" : "phk5-server.sgateway.link",
			"server_port" : 12012,
			"server_udp_port" : 0,
			"password" : "3GVHeIwhmOE2",
			"method" : "chacha20-ietf",
			"protocol" : "auth_aes128_md5",
			"protocolparam" : "",
			"obfs" : "tls1.2_ticket_auth",
			"obfsparam" : "download.windowsupdate.com",
			"remarks_base64" : "UEhLNQ",
			"group" : "SocketPro",
			"enable" : true,
			"udp_over_tcp" : false
		},
		{
			"remarks" : "PHK6",
			"id" : "966857F76B9B2796B23272217A0D9A07",
			"server" : "phk6-server.sgateway.link",
			"server_port" : 12012,
			"server_udp_port" : 0,
			"password" : "3GVHeIwhmOE2",
			"method" : "chacha20-ietf",
			"protocol" : "auth_aes128_md5",
			"protocolparam" : "",
			"obfs" : "tls1.2_ticket_auth",
			"obfsparam" : "download.windowsupdate.com",
			"remarks_base64" : "UEhLNg",
			"group" : "SocketPro",
			"enable" : true,
			"udp_over_tcp" : false
		},
		{
			"remarks" : "PHK7",
			"id" : "6A8CEE4E0FF73DF68E4D835B90344B73",
			"server" : "phk7-server.sgateway.link",
			"server_port" : 12012,
			"server_udp_port" : 0,
			"password" : "3GVHeIwhmOE2",
			"method" : "chacha20-ietf",
			"protocol" : "auth_aes128_md5",
			"protocolparam" : "",
			"obfs" : "tls1.2_ticket_auth",
			"obfsparam" : "download.windowsupdate.com",
			"remarks_base64" : "UEhLNw",
			"group" : "SocketPro",
			"enable" : true,
			"udp_over_tcp" : false
		},
		{
			"remarks" : "PHK8",
			"id" : "DBD072148D0B32AD97FF13F266B14210",
			"server" : "phk8-server.sgateway.link",
			"server_port" : 12012,
			"server_udp_port" : 0,
			"password" : "3GVHeIwhmOE2",
			"method" : "chacha20-ietf",
			"protocol" : "auth_aes128_md5",
			"protocolparam" : "",
			"obfs" : "tls1.2_ticket_auth",
			"obfsparam" : "download.windowsupdate.com",
			"remarks_base64" : "UEhLOA",
			"group" : "SocketPro",
			"enable" : true,
			"udp_over_tcp" : false
		},
		{
			"remarks" : "PHK9",
			"id" : "2495475C1168E8C4AA90633877577FE4",
			"server" : "phk9-server.sgateway.link",
			"server_port" : 12012,
			"server_udp_port" : 0,
			"password" : "3GVHeIwhmOE2",
			"method" : "chacha20-ietf",
			"protocol" : "auth_aes128_md5",
			"protocolparam" : "",
			"obfs" : "tls1.2_ticket_auth",
			"obfsparam" : "download.windowsupdate.com",
			"remarks_base64" : "UEhLOQ",
			"group" : "SocketPro",
			"enable" : true,
			"udp_over_tcp" : false
		},
		{
			"remarks" : "PUK1",
			"id" : "DA14F14172292F2AB25B389A15855ED1",
			"server" : "puk1-server.sgateway.link",
			"server_port" : 12012,
			"server_udp_port" : 0,
			"password" : "3GVHeIwhmOE2",
			"method" : "chacha20-ietf",
			"protocol" : "auth_aes128_md5",
			"protocolparam" : "",
			"obfs" : "tls1.2_ticket_auth",
			"obfsparam" : "download.windowsupdate.com",
			"remarks_base64" : "UFVLMQ",
			"group" : "SocketPro",
			"enable" : true,
			"udp_over_tcp" : false
		},
		{
			"remarks" : "PTW1",
			"id" : "DD43540D3D1216E9DEB512DA7737AC1E",
			"server" : "ptw1-server.sgateway.link",
			"server_port" : 12012,
			"server_udp_port" : 0,
			"password" : "3GVHeIwhmOE2",
			"method" : "chacha20-ietf",
			"protocol" : "auth_aes128_md5",
			"protocolparam" : "",
			"obfs" : "tls1.2_ticket_auth",
			"obfsparam" : "download.windowsupdate.com",
			"remarks_base64" : "UFRXMQ",
			"group" : "SocketPro",
			"enable" : true,
			"udp_over_tcp" : false
		},
		{
			"remarks" : "PTW2",
			"id" : "E3C29B848D52D5DB03D1074528FEB925",
			"server" : "ptw2-server.sgateway.link",
			"server_port" : 12012,
			"server_udp_port" : 0,
			"password" : "3GVHeIwhmOE2",
			"method" : "chacha20-ietf",
			"protocol" : "auth_aes128_md5",
			"protocolparam" : "",
			"obfs" : "tls1.2_ticket_auth",
			"obfsparam" : "download.windowsupdate.com",
			"remarks_base64" : "UFRXMg",
			"group" : "SocketPro",
			"enable" : true,
			"udp_over_tcp" : false
		},
		{
			"remarks" : "PTW3",
			"id" : "7FCA897B0CCE3AC1E9C7B64AE66604B6",
			"server" : "ptw3-server.sgateway.link",
			"server_port" : 12012,
			"server_udp_port" : 0,
			"password" : "3GVHeIwhmOE2",
			"method" : "chacha20-ietf",
			"protocol" : "auth_aes128_md5",
			"protocolparam" : "",
			"obfs" : "tls1.2_ticket_auth",
			"obfsparam" : "download.windowsupdate.com",
			"remarks_base64" : "UFRXMw",
			"group" : "SocketPro",
			"enable" : true,
			"udp_over_tcp" : false
		},
		{
			"remarks" : "PTW4",
			"id" : "9A5F073818FD251C907D914B63FD03D3",
			"server" : "ptw4-server.sgateway.link",
			"server_port" : 12012,
			"server_udp_port" : 0,
			"password" : "3GVHeIwhmOE2",
			"method" : "chacha20-ietf",
			"protocol" : "auth_aes128_md5",
			"protocolparam" : "",
			"obfs" : "tls1.2_ticket_auth",
			"obfsparam" : "download.windowsupdate.com",
			"remarks_base64" : "UFRXNA",
			"group" : "SocketPro",
			"enable" : true,
			"udp_over_tcp" : false
		},
		{
			"remarks" : "PSG1",
			"id" : "0BB0A26DCD0659FA305DDE60F2F2D084",
			"server" : "psg1-server.sgateway.link",
			"server_port" : 12012,
			"server_udp_port" : 0,
			"password" : "3GVHeIwhmOE2",
			"method" : "chacha20-ietf",
			"protocol" : "auth_aes128_md5",
			"protocolparam" : "",
			"obfs" : "tls1.2_ticket_auth",
			"obfsparam" : "download.windowsupdate.com",
			"remarks_base64" : "UFNHMQ",
			"group" : "SocketPro",
			"enable" : true,
			"udp_over_tcp" : false
		},
		{
			"remarks" : "PJP1",
			"id" : "404B98657CE5E1658326756E22C56A61",
			"server" : "pjp1-server.sgateway.link",
			"server_port" : 12012,
			"server_udp_port" : 0,
			"password" : "3GVHeIwhmOE2",
			"method" : "chacha20-ietf",
			"protocol" : "auth_aes128_md5",
			"protocolparam" : "",
			"obfs" : "tls1.2_ticket_auth",
			"obfsparam" : "download.windowsupdate.com",
			"remarks_base64" : "UEpQMQ",
			"group" : "SocketPro",
			"enable" : true,
			"udp_over_tcp" : false
		},
		{
			"remarks" : "PJP2",
			"id" : "AA727956400DE6F9BB7E6ECF3D82DD93",
			"server" : "pjp2-server.sgateway.link",
			"server_port" : 12012,
			"server_udp_port" : 0,
			"password" : "3GVHeIwhmOE2",
			"method" : "chacha20-ietf",
			"protocol" : "auth_aes128_md5",
			"protocolparam" : "",
			"obfs" : "tls1.2_ticket_auth",
			"obfsparam" : "download.windowsupdate.com",
			"remarks_base64" : "UEpQMg",
			"group" : "SocketPro",
			"enable" : true,
			"udp_over_tcp" : false
		},
		{
			"remarks" : "PJP3",
			"id" : "2892291804FAED599CEC987C69603CF7",
			"server" : "pjp3-server.sgateway.link",
			"server_port" : 12012,
			"server_udp_port" : 0,
			"password" : "3GVHeIwhmOE2",
			"method" : "chacha20-ietf",
			"protocol" : "auth_aes128_md5",
			"protocolparam" : "",
			"obfs" : "tls1.2_ticket_auth",
			"obfsparam" : "download.windowsupdate.com",
			"remarks_base64" : "UEpQMw",
			"group" : "SocketPro",
			"enable" : true,
			"udp_over_tcp" : false
		},
		{
			"remarks" : "PJP4",
			"id" : "65E77ED86A8847DAAD0DCC9141F4C19F",
			"server" : "pjp4-server.sgateway.link",
			"server_port" : 12012,
			"server_udp_port" : 0,
			"password" : "3GVHeIwhmOE2",
			"method" : "chacha20-ietf",
			"protocol" : "auth_aes128_md5",
			"protocolparam" : "",
			"obfs" : "tls1.2_ticket_auth",
			"obfsparam" : "download.windowsupdate.com",
			"remarks_base64" : "UEpQNA",
			"group" : "SocketPro",
			"enable" : true,
			"udp_over_tcp" : false
		},
		{
			"remarks" : "PJP5",
			"id" : "0AFE2338E37158FB84EBEFC5463518B7",
			"server" : "pjp5-server.sgateway.link",
			"server_port" : 12012,
			"server_udp_port" : 0,
			"password" : "3GVHeIwhmOE2",
			"method" : "chacha20-ietf",
			"protocol" : "auth_aes128_md5",
			"protocolparam" : "",
			"obfs" : "tls1.2_ticket_auth",
			"obfsparam" : "download.windowsupdate.com",
			"remarks_base64" : "UEpQNQ",
			"group" : "SocketPro",
			"enable" : true,
			"udp_over_tcp" : false
		},
		{
			"remarks" : "PUS1",
			"id" : "45B8AAC26674DC86FF702A26A2ACB74F",
			"server" : "pus1-server.sgateway.link",
			"server_port" : 12012,
			"server_udp_port" : 0,
			"password" : "3GVHeIwhmOE2",
			"method" : "chacha20-ietf",
			"protocol" : "auth_aes128_md5",
			"protocolparam" : "",
			"obfs" : "tls1.2_ticket_auth",
			"obfsparam" : "download.windowsupdate.com",
			"remarks_base64" : "UFVTMQ",
			"group" : "SocketPro",
			"enable" : true,
			"udp_over_tcp" : false
		},
		{
			"remarks" : "PUS2",
			"id" : "4F9BB063E9F6BC6DE95C09A9889CC6D0",
			"server" : "pus2-server.sgateway.link",
			"server_port" : 12012,
			"server_udp_port" : 0,
			"password" : "3GVHeIwhmOE2",
			"method" : "chacha20-ietf",
			"protocol" : "auth_aes128_md5",
			"protocolparam" : "",
			"obfs" : "tls1.2_ticket_auth",
			"obfsparam" : "download.windowsupdate.com",
			"remarks_base64" : "UFVTMg",
			"group" : "SocketPro",
			"enable" : true,
			"udp_over_tcp" : false
		},
		{
			"remarks" : "PUS3",
			"id" : "920F69C8FFA341B379AFEED3406F11AB",
			"server" : "pus3-server.sgateway.link",
			"server_port" : 12012,
			"server_udp_port" : 0,
			"password" : "3GVHeIwhmOE2",
			"method" : "chacha20-ietf",
			"protocol" : "auth_aes128_md5",
			"protocolparam" : "",
			"obfs" : "tls1.2_ticket_auth",
			"obfsparam" : "download.windowsupdate.com",
			"remarks_base64" : "UFVTMw",
			"group" : "SocketPro",
			"enable" : true,
			"udp_over_tcp" : false
		},
		{
			"remarks" : "PUS4",
			"id" : "E979287A84767B95C329AF9041B3E824",
			"server" : "pus4-server.sgateway.link",
			"server_port" : 12012,
			"server_udp_port" : 0,
			"password" : "3GVHeIwhmOE2",
			"method" : "chacha20-ietf",
			"protocol" : "auth_aes128_md5",
			"protocolparam" : "",
			"obfs" : "tls1.2_ticket_auth",
			"obfsparam" : "download.windowsupdate.com",
			"remarks_base64" : "UFVTNA",
			"group" : "SocketPro",
			"enable" : true,
			"udp_over_tcp" : false
		},
		{
			"remarks" : "PUS5",
			"id" : "AB5D3CEAA88869473E4693FF2E908C33",
			"server" : "pus5-server.sgateway.link",
			"server_port" : 12012,
			"server_udp_port" : 0,
			"password" : "3GVHeIwhmOE2",
			"method" : "chacha20-ietf",
			"protocol" : "auth_aes128_md5",
			"protocolparam" : "",
			"obfs" : "tls1.2_ticket_auth",
			"obfsparam" : "download.windowsupdate.com",
			"remarks_base64" : "UFVTNQ",
			"group" : "SocketPro",
			"enable" : true,
			"udp_over_tcp" : false
		},
		{
			"remarks" : "PKR1",
			"id" : "32071A76A4A5809A5B5D88C776743848",
			"server" : "pkr1-server.sgateway.link",
			"server_port" : 12012,
			"server_udp_port" : 0,
			"password" : "3GVHeIwhmOE2",
			"method" : "chacha20-ietf",
			"protocol" : "auth_aes128_md5",
			"protocolparam" : "",
			"obfs" : "tls1.2_ticket_auth",
			"obfsparam" : "download.windowsupdate.com",
			"remarks_base64" : "UEtSMQ",
			"group" : "SocketPro",
			"enable" : true,
			"udp_over_tcp" : false
		},
		{
			"remarks" : "PKR2",
			"id" : "8B859D025F58D958F6966A31AE858E9E",
			"server" : "pkr2-server.sgateway.link",
			"server_port" : 12012,
			"server_udp_port" : 0,
			"password" : "3GVHeIwhmOE2",
			"method" : "chacha20-ietf",
			"protocol" : "auth_aes128_md5",
			"protocolparam" : "",
			"obfs" : "tls1.2_ticket_auth",
			"obfsparam" : "download.windowsupdate.com",
			"remarks_base64" : "UEtSMg",
			"group" : "SocketPro",
			"enable" : true,
			"udp_over_tcp" : false
		},
		{
			"remarks" : "PKR3",
			"id" : "311AAD7850D49930FF2C3840F9F3AD6B",
			"server" : "pkr3-server.sgateway.link",
			"server_port" : 12012,
			"server_udp_port" : 0,
			"password" : "3GVHeIwhmOE2",
			"method" : "chacha20-ietf",
			"protocol" : "auth_aes128_md5",
			"protocolparam" : "",
			"obfs" : "tls1.2_ticket_auth",
			"obfsparam" : "download.windowsupdate.com",
			"remarks_base64" : "UEtSMw",
			"group" : "SocketPro",
			"enable" : true,
			"udp_over_tcp" : false
		},
		{
			"remarks" : "PMO1",
			"id" : "5390AD2CF517366CFD922D0CA40B6CEE",
			"server" : "pmo1-server.sgateway.link",
			"server_port" : 12012,
			"server_udp_port" : 0,
			"password" : "3GVHeIwhmOE2",
			"method" : "chacha20-ietf",
			"protocol" : "auth_aes128_md5",
			"protocolparam" : "",
			"obfs" : "tls1.2_ticket_auth",
			"obfsparam" : "download.windowsupdate.com",
			"remarks_base64" : "UE1PMQ",
			"group" : "SocketPro",
			"enable" : true,
			"udp_over_tcp" : false
		},
		{
			"remarks" : "PMO2",
			"id" : "3506C60DAC8B6F2CBC3CB755DA806DA5",
			"server" : "pmo2-server.sgateway.link",
			"server_port" : 12012,
			"server_udp_port" : 0,
			"password" : "3GVHeIwhmOE2",
			"method" : "chacha20-ietf",
			"protocol" : "auth_aes128_md5",
			"protocolparam" : "",
			"obfs" : "tls1.2_ticket_auth",
			"obfsparam" : "download.windowsupdate.com",
			"remarks_base64" : "UE1PMg",
			"group" : "SocketPro",
			"enable" : true,
			"udp_over_tcp" : false
		},
		{
			"remarks" : "PMO3",
			"id" : "1D9BE1E144C4B40EAD160E2BF79DB1C0",
			"server" : "pmo3-server.sgateway.link",
			"server_port" : 12012,
			"server_udp_port" : 0,
			"password" : "3GVHeIwhmOE2",
			"method" : "chacha20-ietf",
			"protocol" : "auth_aes128_md5",
			"protocolparam" : "",
			"obfs" : "tls1.2_ticket_auth",
			"obfsparam" : "download.windowsupdate.com",
			"remarks_base64" : "UE1PMw",
			"group" : "SocketPro",
			"enable" : true,
			"udp_over_tcp" : false
		},
		{
			"remarks" : "RU4",
			"id" : "70E657A88137EB9D1E47441EC422E576",
			"server" : "ru4.sgateway.link",
			"server_port" : 12012,
			"server_udp_port" : 0,
			"password" : "3GVHeIwhmOE2",
			"method" : "chacha20-ietf",
			"protocol" : "auth_aes128_md5",
			"protocolparam" : "",
			"obfs" : "tls1.2_ticket_auth",
			"obfsparam" : "download.windowsupdate.com",
			"remarks_base64" : "UlU0",
			"group" : "SocketPro",
			"enable" : true,
			"udp_over_tcp" : false
		},
		{
			"remarks" : "RU5",
			"id" : "999FF1AAA48A5295A80C5DBFDF860278",
			"server" : "ru5.sgateway.link",
			"server_port" : 12012,
			"server_udp_port" : 0,
			"password" : "3GVHeIwhmOE2",
			"method" : "chacha20-ietf",
			"protocol" : "auth_aes128_md5",
			"protocolparam" : "",
			"obfs" : "tls1.2_ticket_auth",
			"obfsparam" : "download.windowsupdate.com",
			"remarks_base64" : "UlU1",
			"group" : "SocketPro",
			"enable" : true,
			"udp_over_tcp" : false
		},
		{
			"remarks" : "HK5",
			"id" : "6194C5FC41D76EB409FE806D4B764BBF",
			"server" : "hk5.sgateway.link",
			"server_port" : 12012,
			"server_udp_port" : 0,
			"password" : "3GVHeIwhmOE2",
			"method" : "chacha20-ietf",
			"protocol" : "auth_aes128_md5",
			"protocolparam" : "",
			"obfs" : "tls1.2_ticket_auth",
			"obfsparam" : "download.windowsupdate.com",
			"remarks_base64" : "SEs1",
			"group" : "SocketPro",
			"enable" : true,
			"udp_over_tcp" : false
		},
		{
			"remarks" : "US4",
			"id" : "9BDA53B2711F50C457A5A013D4E02360",
			"server" : "us4.sgateway.link",
			"server_port" : 12012,
			"server_udp_port" : 0,
			"password" : "3GVHeIwhmOE2",
			"method" : "chacha20-ietf",
			"protocol" : "auth_aes128_md5",
			"protocolparam" : "",
			"obfs" : "tls1.2_ticket_auth",
			"obfsparam" : "download.windowsupdate.com",
			"remarks_base64" : "VVM0",
			"group" : "SocketPro",
			"enable" : true,
			"udp_over_tcp" : false
		},
		{
			"remarks" : "US5",
			"id" : "8A55C4E3D3B2EAAE438C9AB74F521AFE",
			"server" : "us5.sgateway.link",
			"server_port" : 12012,
			"server_udp_port" : 0,
			"password" : "3GVHeIwhmOE2",
			"method" : "chacha20-ietf",
			"protocol" : "auth_aes128_md5",
			"protocolparam" : "",
			"obfs" : "tls1.2_ticket_auth",
			"obfsparam" : "download.windowsupdate.com",
			"remarks_base64" : "VVM1",
			"group" : "SocketPro",
			"enable" : true,
			"udp_over_tcp" : false
		}
	],
	"index" : 49,
	"random" : false,
	"sysProxyMode" : 2,
	"shareOverLan" : false,
	"localPort" : 1080,
	"localAuthPassword" : "WAJgLMjYCDA3m0le9QRh",
	"dnsServer" : "",
	"reconnectTimes" : 3,
	"randomAlgorithm" : 3,
	"randomInGroup" : false,
	"TTL" : 30,
	"connectTimeout" : 5,
	"proxyRuleMode" : 2,
	"proxyEnable" : false,
	"pacDirectGoProxy" : false,
	"proxyType" : 0,
	"proxyHost" : "",
	"proxyPort" : 0,
	"proxyAuthUser" : "",
	"proxyAuthPass" : "",
	"proxyUserAgent" : null,
	"authUser" : "",
	"authPass" : "",
	"autoBan" : false,
	"sameHostForSameTarget" : true,
	"keepVisitTime" : 180,
	"isHideTips" : true,
	"nodeFeedAutoUpdate" : true,
	"serverSubscribes" : [
		{
			"URL" : "https://v1.spapi.org/api/server/subscription?id=78352&token=wA4UwEt6rgTQFDWe",
			"Group" : "SocketPro"
		}
	],
	"token" : {

	},
	"portMap" : {

	}
}